{"cameraMode":{"drawMode":0,"name":"Shaded","section":"Shading Mode"},"sceneLighting":true,"audioPlay":false,"sceneViewState":{"showFog":true,"showMaterialUpdate":false,"showSkybox":false,"showFlares":true,"showImageEffects":true,"showParticleSystems":true},"in2DMode":false,"pivot":{"x":0.2804843485355377,"y":-0.6420278549194336,"z":3.510830879211426},"rotation":{"x":-0.009953889064490796,"y":0.8267264366149902,"z":-0.5623351335525513,"w":-0.014633629471063614},"size":2.782674789428711,"orthographic":false}