{"cameraMode":{"drawMode":0,"name":"Shaded","section":"Shading Mode"},"sceneLighting":false,"audioPlay":false,"sceneViewState":{"showFog":true,"showMaterialUpdate":false,"showSkybox":false,"showFlares":true,"showImageEffects":true,"showParticleSystems":true},"in2DMode":false,"pivot":{"x":0.6037590503692627,"y":1.1682114601135255,"z":0.49876129627227785},"rotation":{"x":0.012289895676076413,"y":0.05609896034002304,"z":-0.0006829046178609133,"w":0.9983929395675659},"size":0.39913469552993777,"orthographic":false}