{"cameraMode":{"drawMode":0,"name":"Shaded","section":"Shading Mode"},"sceneLighting":false,"audioPlay":false,"sceneViewState":{"showFog":true,"showMaterialUpdate":false,"showSkybox":false,"showFlares":true,"showImageEffects":true,"showParticleSystems":true},"in2DMode":false,"pivot":{"x":1.59866201877594,"y":1.0175299644470215,"z":3.1066012382507326},"rotation":{"x":0.20429812371730805,"y":0.02557862550020218,"z":-0.0053312936797738079,"w":0.9786044955253601},"size":5.6087141036987309,"orthographic":false}